urbanicity,CrimeRate,IncarcerationRate
"rural",2.595702683896215e-2,7.028699688209167e-2
"small/mid",4.2873963635520845e-2,4.598315122730259e-2
"suburban",3.303550951541245e-2,3.9892736005716176e-2
"urban",5.616244193241278e-2,4.31469376132024e-2
